source, diagnostic, pressure_logPk, metallicity_track, R                , R_uncert          , R_limit_type, logU                , logU_uncert       , logU_in_valid_range, logq              , logq_uncert       , dust_corrected, E(B-V)            , E(B-V)_uncert
A     , SiIII     ,            5.0, 8.6              , 16.84811207770436, 29.656997517061644, measurement , -1.5981983083418072 , 1.9602243556390913, False              ,  8.87862239458612 , 1.9602243556390913, True          , 0.2147001814699562, 0.03531791601012653
A     , SiIII     ,            5.0, 8.9              , 16.84811207770436, 29.656997517061644, measurement , -0.39988392883390134, 2.5596133245226977, False              , 10.076936774094026, 2.5596133245226977, True          , 0.2147001814699562, 0.03531791601012653
A     , SiIII     ,            5.0, 8.5400703        , 16.84811207770436, 29.656997517061644, measurement , -1.7796491481082057 , 1.858044186919278 , False              ,  8.697171554819722, 1.858044186919278 , True          , 0.2147001814699562, 0.03531791601012653
A     , SiIII     ,            5.0, 8.833552953198032, 16.84811207770436, 29.656997517061644, measurement , -0.7094965635938593 , 2.414223050690775 , False              ,  9.767324139334068, 2.414223050690775 , True          , 0.2147001814699562, 0.03531791601012653
A     , SiIII     ,            7.0, 8.6              , 16.84811207770436, 29.656997517061644, measurement , -1.9791232046730158 , 1.7842524379247298, False              ,  8.497697498254912, 1.7842524379247298, True          , 0.2147001814699562, 0.03531791601012653
A     , SiIII     ,            7.0, 8.9              , 16.84811207770436, 29.656997517061644, measurement , -1.337958094439415  , 2.1607931037648322, False              ,  9.138862608488513, 2.1607931037648322, True          , 0.2147001814699562, 0.03531791601012653
A     , SiIII     ,            7.0, 8.5400703        , 16.84811207770436, 29.656997517061644, measurement , -2.0920318808933587 , 1.7161365957124328, False              ,  8.384788822034569, 1.7161365957124328, True          , 0.2147001814699562, 0.03531791601012653
A     , SiIII     ,            7.0, 8.833552953198032, 16.84811207770436, 29.656997517061644, measurement , -1.489576083247556  , 2.072282039562565 , False              ,  8.987244619680371, 2.072282039562565 , True          , 0.2147001814699562, 0.03531791601012653
