line,source,mean_obs_AA,stddev_obs_AA,flux,flux_uncert,is_upper_limit,units
HeII1640,A,4394.988901270029,0.4147202259041692,1.2087037515503542e-17,2.565588684460959e-18,False,erg / s / cm2
[SiII]1808,A,4844.000506185226,0.3100646454525556,1.4604897758331286e-18,2.514061893390969e-18,False,erg / s / cm2
[SiIII]1883,A,5044.905634588376,1.060380792149782,1.6011004045949647e-17,3.4652126698270965e-18,False,erg / s / cm2
[SiIII]1892,A,5069.098676479152,0.49120289631926894,7.542096729934645e-18,2.4039257555140546e-18,False,erg / s / cm2
[CIII]1907,A,5108.246441512504,0.8592935309231468,4.530510324221242e-17,3.947847620680176e-18,False,erg / s / cm2
[CIII]1909,A,5113.749377606062,0.8592935309231468,2.887013512005861e-17,3.1306961242202846e-18,False,erg / s / cm2
[CII]2325,A,6228.274922820632,0.5877128796022745,2.579138818975567e-17,,True,erg / s / cm2
